Leg Idx,Date Idx,Label,Tweet Idx
257,101,-2,3751
39,7,0,953
156,253,2,23640
368,365,-2,11333
15,161,1,19939
415,301,-2,25425
364,331,1,26302
385,94,-2,16259
139,368,2,11389
136,213,-2,22375
184,437,-2,13223
150,430,-2,12987
326,113,2,17721
138,73,1,14641
120,227,1,22869
270,209,-1,7538
317,232,-1,8085
300,267,-2,8912
42,83,-1,15439
313,399,2,28314
385,78,-1,2608
58,303,0,25584
73,125,-1,18301
435,448,1,29542
169,125,-2,4655
329,368,-1,27701
284,371,1,27729
124,126,-1,4688
296,78,1,15085
244,291,-1,9636
418,233,2,8094
196,169,-1,6018
251,220,-2,7857
245,72,1,2238
368,229,-1,22955
314,428,-2,12864
326,129,1,18596
15,461,0,30430
39,125,1,18280
135,175,-1,20737
300,296,-2,9762
363,145,1,19377
62,113,1,17436
300,113,-2,4136
340,113,2,4285
109,335,2,10481
136,213,-2,7706
113,113,2,4246
132,427,1,28962
409,331,-2,26317
4,42,0,1602
390,83,1,2951
257,148,-2,5338
196,171,-1,20545
99,176,-2,20798
42,119,-2,18062
300,168,-1,5951
385,399,-2,12151
194,233,-1,23089
136,234,-2,23168
373,170,-1,6168
437,113,1,17431
412,86,-2,3154
148,337,-2,10565
339,113,1,17534
52,86,0,3181
439,97,-2,3509
216,254,-2,23680
439,9,-2,1062
70,113,-1,4278
295,73,0,2331
260,129,1,18551
431,226,-1,7990
70,94,-1,16263
423,233,-2,8152
373,170,-1,6141
328,188,-1,21167
329,421,-2,12575
69,448,-1,29502
270,290,-2,9621
300,113,-1,4175
326,78,1,14988
124,86,-2,3137
287,105,-2,3794
70,120,-2,4542
300,111,-1,3982
273,113,1,17783
36,97,-2,3501
421,113,2,4204
249,241,0,8257
54,267,0,24166
99,165,-1,20111
160,349,-2,10969
318,365,2,27647
45,233,1,23078
73,113,-2,17515
141,269,1,24213
385,448,-2,13666
72,338,-1,26613
66,352,-1,11068
98,85,-2,3112
50,169,-1,20339
264,133,-1,4934
419,302,-1,9935
25,462,-2,14511
60,371,-2,27734
168,407,1,28526
287,284,-2,9422
347,288,1,24935
148,293,0,9696
74,127,1,4696
431,264,-2,8848
160,352,-1,11062
270,338,-1,10620
361,448,-1,29557
81,8,-1,1021
164,169,0,20290
59,196,1,21602
118,323,-2,26041
148,336,-1,10491
66,427,-1,12797
73,127,-1,4718
223,209,-1,22191
300,338,-2,26597
190,113,1,17521
81,211,-2,7621
70,100,-2,3657
107,274,-1,24334
300,459,-2,14432
172,283,-2,9355
50,262,0,23997
375,344,-1,26921
60,113,-1,17725
99,282,-2,9330
90,290,0,25043
410,275,-1,24373
375,232,-1,23048
210,328,0,26219
257,339,-1,10737
173,461,1,14461
83,444,0,13553
36,198,-1,7275
437,289,0,25014
342,133,1,4948
298,111,-2,3979
113,359,1,11228
157,297,1,25333
31,94,-1,3471
110,275,1,24359
263,381,0,27899
60,111,-1,16884
141,85,2,15640
300,169,-1,6032
36,134,-2,18817
423,148,-1,5343
136,160,-1,19920
410,338,-2,10600
149,206,2,22094
73,339,-2,10699
15,119,-2,18048
148,213,-1,22354
353,252,1,23591
42,399,-2,12078
298,435,-2,13114
301,73,1,14654
110,233,1,8128
370,430,-2,12949
336,407,2,28539
39,391,1,28088
78,57,-2,1722
448,423,1,28865
300,95,-2,16307
425,176,-2,20828
42,258,-2,23760
26,349,2,10980
232,100,2,16579
60,191,-2,21405
353,394,0,28220
84,343,2,26889
70,150,-1,5450
60,103,-2,16675
154,248,1,23465
208,189,-2,21207
149,457,0,30344
311,139,-1,19017
124,324,-2,10301
425,206,-2,7504
270,251,-1,8450
410,108,-1,3905
418,330,2,10400
136,161,-2,19970
246,234,0,23131
287,253,-2,8519
252,350,2,11006
15,127,-2,18381
66,297,0,25346
360,344,1,26917
439,339,-2,10729
305,455,-2,14270
131,291,0,9672
256,126,-2,4689
203,213,2,22373
102,339,-2,26811
100,343,-2,10813
175,150,0,19599
71,362,-2,27596
375,134,-2,18822
186,24,2,1261
73,205,-2,7417
257,206,-2,7486
70,164,-2,5845
340,323,2,10265
42,159,-2,19902
226,221,1,7868
15,120,-1,18132
118,344,-2,26947
78,200,0,21848
123,462,0,30512
73,339,-2,10684
98,149,-2,5408
443,171,-2,20570
257,58,-2,1755
196,115,-2,4386
264,291,-2,9633
15,228,2,22950
149,146,0,19391
256,352,-2,27197
320,146,-2,5290
148,273,-2,9005
296,398,2,28271
124,270,-2,8966
281,439,-2,13392
170,113,1,17380
277,66,-1,2041
4,377,-2,11545
132,113,2,17506
140,437,-2,29253
410,356,-2,27414
157,308,2,25671
171,323,0,26125
242,322,-2,26035
353,277,-2,24450
243,290,-2,25045
261,463,1,30557
15,161,0,19934
298,396,-2,12023
427,169,-2,20388
192,356,-2,27385
287,395,0,12011
61,85,0,15624
136,227,0,22929
121,461,-2,30466
244,213,-2,7697
400,399,2,28331
50,356,-1,27420
366,9,0,1057
440,150,2,19601
160,319,-2,25930
142,113,2,4238
291,337,-2,10541
195,428,2,12860
84,97,2,16339
287,106,-2,3831
229,339,-2,26815
398,220,-2,22554
347,134,2,18803
102,338,-2,26652
438,448,0,29492
376,95,2,16308
15,161,-1,19938
323,353,0,27362
0,86,2,15769
26,420,2,28799
326,437,1,29256
58,161,-1,19960
157,291,2,25054
329,323,-2,10280
409,231,-1,23013
425,196,-2,7129
370,169,-2,20275
76,302,2,25532
391,430,-2,12976
369,113,2,17463
73,83,-2,15345
42,233,-2,8137
280,323,2,10275
296,113,2,17230
42,288,-2,9544
361,301,-2,25461
361,83,-2,15412
353,275,-2,24397
440,339,2,10692
177,198,2,21800
366,113,-2,4126
150,188,-2,6816
66,273,-2,9003
212,287,-2,24869
38,294,-2,9699
242,427,0,28976
426,457,0,14372
155,209,0,22177
42,448,-2,13739
257,106,-2,3830
412,146,-2,19417
24,370,1,11401
256,113,-2,4214
311,148,-2,5357
285,86,-1,15826
264,122,-2,4591
270,279,-2,9181
430,227,2,8012
419,359,-2,27537
35,176,-2,6517
237,169,2,6056
287,276,-2,24423
360,152,0,19721
175,260,2,8704
42,284,-2,9424
361,246,-2,23386
196,101,-2,16617
245,399,2,28333
299,189,-2,6886
122,185,-2,6802
332,170,2,20445
270,273,-2,9017
150,266,-2,24083
270,176,-2,6485
409,170,-2,20406
157,387,1,28008
251,437,-2,13235
415,457,-2,30357
201,126,-1,18343
326,122,1,18241
160,352,-2,11054
323,315,2,25871
12,149,1,19593
270,357,-1,11162
71,357,-1,27444
375,438,-2,29285
270,120,-1,18120
140,113,-1,17280
252,385,1,27943
329,196,-2,7110
340,65,1,2010
270,387,-1,11717
273,258,1,23750
353,134,-2,18826
122,135,-1,18856
39,303,1,9945
264,73,-1,2282
42,203,-1,7331
270,260,-2,8726
225,100,-1,3689
26,233,1,23069
310,439,1,29306
251,251,-1,8442
417,100,-2,3636
366,294,-2,25147
58,100,-1,16552
39,387,1,11705
58,135,-1,18845
23,372,-2,11443
70,203,-2,7311
36,234,-2,8162
164,392,1,11880
31,323,0,10218
50,89,-1,3285
157,416,1,12527
124,273,-1,9015
249,43,-1,1613
98,171,-1,6344
399,294,-1,25168
71,282,-2,9338
280,233,1,23101
177,101,1,16642
439,322,-1,10188
425,129,-1,18592
257,246,-1,8348
62,113,1,17394
118,224,-1,7918
73,211,-1,7601
73,125,-1,4661
443,301,-1,25492
443,150,-2,5452
340,455,0,14252
407,427,1,28992
261,113,0,17760
98,205,-1,21983
109,430,1,13018
385,251,-1,8430
298,113,-1,4148
427,196,-1,21701
104,220,1,7849
326,2,0,889
305,148,1,19503
304,377,1,11552
97,113,-1,17785
300,189,-1,21205
140,113,-1,4293
39,308,0,25685
249,106,0,3836
408,399,2,28368
165,113,-1,17832
132,43,1,1610
76,39,1,1549
109,260,1,8758
273,85,1,15628
334,233,0,23108
73,89,-1,3281
50,169,-1,20342
328,252,-1,8484
190,288,1,24963
148,288,-2,9562
351,21,-2,1195
81,168,-1,5984
167,94,-1,16224
438,463,1,30530
439,170,-2,6134
251,339,-2,10733
401,260,-1,23886
164,391,0,11819
125,78,-2,15035
335,427,1,28966
366,107,-1,3861
340,416,1,28779
110,278,1,24477
375,294,-1,25138
41,335,1,26453
70,189,-1,6879
346,73,1,2396
314,394,-1,28210
66,198,-1,7252
409,407,-2,12363
314,183,-1,6688
302,301,-2,9900
385,209,-1,7529
376,65,1,2008
42,234,-1,8178
353,252,0,23593
15,298,-1,25361
223,457,0,30359
58,78,0,14998
31,371,-1,11421
348,83,-1,15399
164,145,1,19370
177,258,1,23745
427,196,-1,21634
207,430,1,12967
112,204,-2,21914
81,7,0,957
139,401,1,28408
153,226,-1,22821
439,37,-1,1513
31,126,-1,18328
149,103,0,3780
161,260,0,23816
443,287,-2,9478
439,378,-1,11582
328,301,-2,9902
153,350,-2,27108
42,78,-1,15094
336,233,1,8090
305,290,-1,25019
425,231,-1,8063
244,262,-2,23973
136,272,-1,24269
421,49,1,1662
252,421,0,28826
204,194,-1,21529
157,73,1,2364
364,119,0,18092
15,62,-2,1864
403,352,1,27253
229,339,-1,26819
251,337,-1,10543
203,391,1,28093
287,145,-1,5279
36,185,-1,6795
15,58,-1,1771
203,373,1,27789
417,161,-1,5768
287,339,-1,10698
299,275,-1,24387
75,119,-1,18054
46,189,-1,21233
73,151,-1,19704
66,315,-1,25842
13,258,0,23743
249,416,-2,12519
60,147,-2,19451
409,307,1,25659
287,148,-2,5382
60,158,-1,19889
109,73,1,2302
351,29,-1,1339
72,7,-1,960
142,352,0,27284
81,8,-1,1022
73,30,-1,1371
133,139,1,19024
221,175,-1,6443
70,127,-1,4725
201,85,-1,3126
98,86,-1,3173
109,168,1,5933
71,459,-2,14452
251,143,-1,19334
287,323,-1,10282
70,162,-1,5801
223,352,-1,27177
325,100,-1,3721
12,403,1,12270
394,183,-1,21055
145,203,-1,21874
418,279,1,9184
249,120,-1,4550
180,302,1,25560
311,83,-2,2946
105,170,1,20488
23,359,-1,27536
141,373,1,27825
251,251,0,23535
253,262,0,23988
257,297,-1,9801
12,74,1,14725
46,463,-1,14552
112,28,-1,1311
357,150,1,5469
153,196,0,21686
238,176,1,20801
225,117,-2,17950
94,283,-1,24730
257,86,-1,3174
401,177,-2,20837
70,111,-2,3998
409,185,-1,21121
26,73,1,2377
412,83,-2,2970
300,206,-2,7485
39,173,1,20628
311,35,-1,1440
216,343,-1,10835
266,394,1,28211
269,329,-1,10389
398,170,1,20472
204,148,-1,19476
375,107,-1,16740
39,205,1,22091
26,365,0,27650
375,113,-1,17161
375,115,-1,17922
97,258,-1,23748
150,183,-2,6743
12,338,1,10610
158,330,0,26284
50,183,-2,21053
334,83,1,15391
187,377,1,11556
90,143,1,19341
425,448,-1,13758
273,405,1,28457
311,216,-2,22424
439,133,-1,4947
70,154,-1,5526
339,287,0,24862
136,204,-1,21923
266,227,1,22848
43,169,1,20361
439,357,-1,11156
39,113,1,17500
66,399,-2,12119
351,427,-1,12817
42,258,-1,8631
439,454,-1,14234
212,189,-2,21281
39,338,0,26616
22,100,1,16590
268,83,-1,15433
36,169,-1,6053
58,315,0,25855
315,120,-1,18100
177,74,0,14732
165,448,-1,29543
298,137,-1,5108
136,83,-1,15446
311,101,0,3736
257,148,-2,5384
245,113,1,17414
84,344,1,26942
97,183,-1,21058
244,421,-1,12598
58,291,-2,25086
353,189,-1,21220
104,73,2,14648
124,235,-2,23184
299,233,-1,23100
42,233,-1,8136
134,170,-1,20434
314,294,-2,9717
70,122,-1,4606
443,438,-1,13269
15,162,1,20033
171,72,-1,2276
244,262,-2,23975
241,368,-2,27692
431,344,-1,10844
256,275,-1,9065
361,113,-2,17829
125,183,-1,6711
392,24,-1,1255
70,108,-2,3918
46,211,-1,7582
284,113,1,17490
65,424,1,28893
257,178,-2,6599
398,162,1,5790
296,373,1,27792
60,168,-1,6004
299,204,-1,21937
58,135,-1,18849
365,29,-1,1347
84,113,1,17409
192,42,1,1593
314,455,-1,14271
150,236,-2,8204
376,398,0,28248
405,427,-1,12786
145,351,-1,11041
314,291,-2,9627
270,111,-1,3952
337,113,-1,17292
157,49,0,1666
439,322,-1,10189
340,421,1,12603
31,196,-2,21608
216,83,-2,2913
26,241,1,23272
34,83,1,15452
58,358,-1,27488
70,170,-1,6258
164,145,0,19371
229,117,0,17956
318,359,1,11231
314,28,-1,1318
368,240,0,8244
125,129,-1,18542
97,42,-1,1585
50,279,0,24514
439,60,-1,1849
100,78,-1,14982
212,83,-2,15367
97,205,-2,22041
263,247,1,23420
212,113,-1,17495
373,170,-2,6163
419,435,-1,13100
425,346,-1,27006
405,71,-1,2170
281,113,1,17709
241,260,-2,23838
423,148,-1,5379
76,315,1,25832
15,176,-1,6526
450,262,1,24006
239,448,1,13756
249,83,-1,2959
410,464,-1,14609
417,133,-2,4918
165,161,-2,5737
323,430,-2,29126
216,336,-2,26501
165,196,-2,21647
385,139,-1,5124
73,115,0,4346
73,100,-2,3645
60,241,-2,23278
286,101,0,16643
300,233,-1,8118
193,454,-1,30267
164,315,2,25823
407,171,0,20561
6,461,2,30415
90,133,2,18751
270,198,-2,7237
419,394,-2,11970
249,127,-1,4710
196,176,0,6516
150,168,-1,20233
300,457,0,14358
165,383,-2,27905
160,260,-2,8741
66,248,-2,8399
50,248,-1,23473
270,379,-2,11586
70,154,-1,5531
50,150,0,19603
300,399,-2,12134
31,387,-2,11716
102,274,-2,24330
287,86,-2,3135
118,205,-2,22090
223,189,-2,21203
287,233,-2,8099
81,356,-2,27410
177,78,2,14994
289,169,-2,20383
415,260,-2,23863
12,175,0,20717
264,73,-1,2285
314,435,-1,13107
311,108,-1,16816
75,459,-1,30395
425,199,-2,7283
439,182,-1,6650
243,170,-2,6139
65,444,0,29408
329,301,-1,25480
121,206,-1,7500
300,111,-2,3971
177,73,0,2344
157,275,1,24377
353,189,-2,21221
439,198,-2,7261
390,150,2,19652
251,277,-2,9109
439,73,-1,2430
150,168,-1,20171
318,393,2,28190
39,420,1,28801
326,407,2,28594
150,365,-1,11348
170,73,2,2394
42,107,-1,16749
60,260,-2,23811
39,150,2,19611
60,260,-2,23810
116,254,0,8573
342,318,1,25914
321,435,1,29203
38,183,-1,21016
193,160,0,5703
164,291,1,25103
373,170,-1,6181
70,96,-2,3484
23,351,0,27151
209,241,2,23296
149,85,0,15631
354,151,-1,19698
70,83,-1,2934
216,170,-2,20425
264,395,-2,28230
439,65,-2,1979
273,142,1,19283
308,283,-1,24738
309,176,-1,20824
312,338,2,26560
38,204,-1,7352
287,262,-1,8820
443,178,-2,6585
58,370,-2,27716
326,9,2,1056
314,323,-2,10205
300,90,0,16024
189,113,2,4217
211,399,-1,28279
193,104,-1,3791
217,72,0,2247
244,291,-2,25061
385,457,-1,30354
387,392,1,11875
243,168,-2,5965
153,85,-1,15620
402,176,-2,6532
423,134,-2,4964
55,86,0,15768
270,273,-2,9016
37,333,-2,26432
300,168,-2,5955
104,260,2,23878
341,393,0,11938
60,385,-1,27936
112,352,0,27273
102,234,-1,23147
26,142,1,19305
275,275,2,9089
17,72,0,2248
300,294,0,9713
385,287,-1,9451
223,233,-2,8097
70,135,-1,5004
73,246,-1,23398
31,399,-2,12110
225,8,-2,1019
291,323,0,10234
296,361,2,27584
419,435,-2,13099
300,90,0,16005
225,9,0,1049
399,438,-2,13313
385,331,-2,10426
216,254,-2,23674
15,109,-1,16827
366,101,-1,16619
256,277,-2,9116
431,260,-2,23890
136,246,0,23391
412,182,-2,20990
257,127,-1,4692
385,307,-1,25644
110,448,0,29582
300,170,-1,6277
212,252,-2,23564
48,113,1,17314
275,407,2,12381
138,218,2,7804
394,336,0,26465
249,185,-1,6793
302,352,-1,11074
102,272,-2,24248
42,222,-1,7877
415,253,-2,23622
415,435,-2,29193
326,387,1,28011
121,338,-2,26643
232,133,2,4927
87,168,2,20210
61,37,1,1496
287,403,0,12267
50,218,1,22518
409,437,-1,29243
109,385,1,11658
98,171,-1,6310
220,315,-1,25837
287,320,-2,25935
204,438,0,13366
303,100,1,16532
442,224,0,7930
340,393,2,11923
148,282,-2,9337
154,169,2,20336
137,428,2,12832
38,301,-1,25469
409,314,0,25815
254,352,2,27325
301,113,2,17606
373,170,-1,6165
241,350,-1,27098
12,226,2,22824
160,352,-2,27188
387,373,2,11458
139,216,2,7751
409,246,-1,23392
299,275,-1,9088
116,324,2,10295
251,421,-2,12580
109,353,1,11106
72,428,-1,29018
409,231,-1,23011
270,366,-2,11360
430,399,2,28329
42,401,-2,12200
395,293,2,25121
60,285,-2,24807
134,127,-1,18369
254,162,1,20001
58,244,-1,23341
148,216,-1,7740
248,211,-2,22232
109,387,2,11730
142,428,1,29028
121,283,-2,24719
309,72,-2,2221
73,246,-2,23397
419,434,-2,13072
299,189,-1,6885
26,296,1,25270
157,344,2,26920
60,322,-2,25988
298,337,-2,10537
347,70,2,2157
251,393,-2,11934
239,113,2,17327
351,393,-1,11946
418,385,2,11639
220,224,-1,22728
409,448,-1,29523
385,83,-2,2912
287,198,-1,21801
69,171,-1,6360
290,338,-2,10667
266,209,2,22161
257,150,-1,5486
75,133,0,4945
165,423,-1,28867
299,139,-1,19005
150,188,-2,6817
382,437,1,29269
442,73,2,2277
210,399,2,28337
41,151,0,19689
366,81,-1,15292
410,78,-2,2593
308,277,-2,24464
97,430,-2,29107
248,211,-1,22234
379,344,1,26919
73,59,-1,1782
165,391,-2,11851
443,287,-2,24825
443,277,-2,24465
104,351,1,27161
443,72,0,2214
97,72,-1,2232
252,85,1,15722
42,180,-1,6611
339,427,2,28971
249,127,-2,18374
229,335,-1,10484
249,142,-1,5244
11,321,1,25969
353,145,0,19360
192,234,-1,8181
70,116,-1,4404
165,338,-1,26568
280,427,2,12800
42,279,-2,9190
353,444,-1,13543
439,210,-1,7576
70,435,-2,13127
122,211,-1,7588
253,444,-1,29417
249,220,-1,7861
23,323,-1,26124
305,94,-2,16286
109,247,2,8358
279,275,-1,24393
257,85,-1,3109
295,72,1,2258
98,30,-1,1367
270,339,-2,10761
127,399,2,28344
204,346,-1,26997
358,303,2,25571
410,464,-2,14608
72,393,-1,28173
70,94,-2,3469
42,210,-1,7566
353,147,-2,19432
15,56,-1,1717
228,85,-1,15686
368,133,-2,18677
204,438,-1,13333
121,339,-1,26760
165,463,-2,30560
299,122,-1,18230
154,196,2,21648
243,349,-1,27053
314,391,-2,11868
160,224,-1,7904
97,206,-1,22110
356,83,-1,15387
42,461,-1,14485
23,448,-2,29576
242,324,-1,26157
287,113,-1,4106
311,185,-2,6806
139,29,0,1330
139,73,2,2291
351,23,-2,1235
281,115,1,17926
296,113,2,17208
132,354,1,27381
410,387,-1,11715
429,211,0,22249
26,78,2,15057
390,83,0,15425
161,85,2,15679
42,240,-1,23241
280,462,2,14521
60,161,-2,5733
447,428,0,29029
373,170,-1,6160
287,395,-1,28232
165,427,-1,29005
73,147,0,19454
361,346,-1,27024
440,129,1,4839
249,30,0,1369
263,373,1,27803
424,323,1,26107
186,113,0,17357
437,113,0,17269
194,129,-2,4826
409,85,-1,15678
26,399,2,12117
140,399,-1,12113
157,231,0,23027
175,113,0,17486
66,338,-2,10658
405,74,-1,14730
309,72,-1,2219
136,272,-2,24268
427,196,-2,21702
280,359,2,11230
287,175,-1,20749
42,209,-1,7532
161,9,1,1042
140,399,-2,12055
70,83,-1,2917
405,252,0,23579
225,42,-1,1591
42,96,-1,16315
299,161,-1,19954
73,339,-1,10689
257,274,-1,9024
136,205,-2,22048
160,246,-1,23377
439,73,-2,2429
385,457,-1,14354
225,346,-1,10902
109,160,1,5695
65,294,0,25127
417,95,-1,3475
412,160,-2,19919
341,78,2,14993
58,170,-1,20432
417,74,0,14726
245,129,1,4837
439,169,-1,6085
180,297,1,25352
76,353,1,11090
270,252,0,8498
210,393,2,28174
350,142,1,19264
329,398,-2,12051
343,264,1,24025
23,372,0,11448
39,271,2,24246
97,191,-1,21448
308,177,-1,20860
415,258,-1,8613
111,135,1,18859
5,133,-2,18786
223,322,-1,26020
287,70,-1,2141
39,170,2,20486
257,83,-1,2976
73,205,-1,7412
136,351,-2,27158
204,185,-1,21106
91,94,-1,16253
45,227,1,22892
124,129,-1,4832
83,448,-2,13671
251,150,-2,5480
70,116,-1,4403
109,336,1,10489
71,372,-2,11439
132,113,1,17302
252,351,1,27131
314,455,-1,14265
319,375,-1,11532
368,40,-2,1565
126,220,-2,22579
58,187,-1,21149
257,113,-1,4129
50,205,-2,22054
321,113,0,17546
364,357,1,27441
443,283,-1,24735
300,391,-1,11815
287,224,-1,7923
412,134,-2,18825
443,288,0,9554
97,338,-2,26650
60,270,-2,8967
91,305,-1,25629
34,428,0,29068
58,120,0,18134
97,331,-1,26314
438,270,1,24241
165,427,0,29003
328,278,-1,9149
97,74,-1,14718
50,147,-2,19452
270,253,-1,8521
278,232,1,8081
93,107,0,16767
410,86,-1,15825
82,220,0,22555
60,463,-1,14571
165,162,-1,20020
41,169,0,20271
449,234,1,23136
121,196,-2,21645
385,278,-1,9155
373,170,-1,6205
368,233,-2,8116
136,162,-1,20040
409,146,0,19406
287,83,-1,2919
348,339,-2,26686
409,273,-1,24292
203,100,1,16548
387,29,1,1349
368,74,-1,14715
84,113,1,17224
81,343,-1,26904
314,463,-1,14576
366,233,-2,8102
229,30,-1,1384
354,301,-2,9879
149,205,1,7446
299,279,-1,24523
368,168,0,20175
428,339,1,26787
438,283,1,24781
251,247,-1,23419
305,133,-2,18735
264,176,-1,6541
50,267,-1,24109
214,134,0,4987
180,352,1,27327
341,393,0,11924
287,148,-1,5399
90,336,2,26494
251,252,-1,8459
270,189,0,6908
243,94,-1,16282
251,343,-2,10811
341,119,0,4523
42,374,-2,11520
70,124,-1,4634
73,464,-2,14624
284,269,1,24226
24,435,1,13122
251,247,-1,23441
142,407,1,28559
297,344,0,26930
257,85,-1,3123
109,168,1,5989
39,463,1,30553
244,407,-1,12418
270,450,-2,14131
216,371,-1,27744
369,207,1,22135
70,83,-1,2947
236,278,-1,24482
256,399,-2,12102
125,183,-1,6713
412,318,-1,25912
222,169,-1,6045
74,302,0,9929
316,153,0,19746
247,73,1,14640
140,339,-1,26773
13,314,0,25819
157,205,1,7408
70,139,-1,5125
347,399,1,28365
139,113,2,17505
157,85,0,15675
299,168,-1,20208
427,444,-1,13569
391,346,0,10931
130,86,1,15841
347,233,1,23105
251,171,-1,6324
409,78,-1,15052
212,129,-1,18529
344,407,1,28615
192,74,-1,2440
249,78,-1,2633
36,86,-1,15813
5,83,-1,15492
92,401,0,28407
393,371,1,27746
58,350,-1,27114
353,78,-1,15023
66,188,-1,6825
1,210,1,22214
26,336,1,10496
38,183,-1,21017
34,421,2,28814
140,85,-1,15732
212,296,-1,25322
353,331,0,26299
409,338,-2,26559
390,134,1,18820
43,287,1,24893
329,288,-1,24945
125,183,-1,6705
121,356,-1,27419
212,258,-1,23752
251,191,-1,6990
300,196,-1,7153
38,329,-1,26242
314,288,-1,9533
301,83,1,15445
266,392,0,28107
300,188,-1,21196
34,168,1,20244
182,148,-1,5350
409,164,-1,20096
366,427,0,12787
220,428,-1,29054
326,146,0,19408
78,269,0,24234
128,399,-2,12107
4,86,0,15794
287,211,-1,22236
353,78,-1,2646
427,337,-1,26541
287,100,-1,3654
244,24,-1,1267
439,427,-1,12781
135,283,-1,24737
216,403,-2,12266
429,183,-1,21020
401,72,-1,2228
375,430,-2,29138
104,220,1,22607
70,135,-1,5018
328,350,-1,10991
11,177,0,20867
36,78,-1,2583
266,245,1,23356
410,435,-2,13112
39,284,0,9421
183,448,1,13757
347,339,0,26707
418,258,0,8634
336,444,2,13536
443,148,-1,5372
154,73,1,2382
124,119,-1,4519
432,454,0,30289
425,129,-1,18581
410,240,-2,23238
418,307,1,25655
423,107,-1,3848
31,105,-1,3823
427,308,-1,25674
122,185,-1,21119
314,62,-1,1870
11,290,1,25038
142,352,1,27282
222,309,-1,10011
266,407,1,12378
121,224,-1,22683
161,434,1,29164
73,337,-1,26550
311,328,-1,10364
326,352,0,27268
39,373,1,27788
300,346,-1,10915
266,393,1,28150
204,434,-1,29172
188,171,1,20553
385,147,-1,5299
287,162,-1,5775
166,407,2,28607
366,154,-1,19778
427,78,-1,15041
0,2,1,907
121,337,-1,26515
318,78,2,15022
370,116,-1,4400
42,454,-2,14227
410,209,-1,22158
97,330,-1,26283
270,384,-1,11624
308,336,-1,26493
410,289,-1,9579
97,346,-2,27010
244,336,-1,26463
287,394,-1,11965
121,444,-1,29426
431,430,-2,12961
248,318,-1,25919
70,139,-1,5130
81,421,-1,12592
134,399,-1,28341
214,321,-1,25979
287,101,-1,3742
332,352,1,27278
66,209,-1,7531
356,78,-1,15047
223,438,-2,29295
257,150,0,5487
277,321,0,25952
299,283,-1,9369
394,448,0,13660
15,62,0,1863
42,83,-1,15417
71,428,-2,12828
281,448,0,29585
5,337,-1,10521
58,109,-1,16826
60,162,-1,19994
38,39,-1,1556
28,21,1,1192
280,450,1,30175
300,391,-1,11816
308,444,-2,13544
276,133,2,4931
249,420,-2,12548
1,352,1,27328
165,148,-1,19486
165,189,-1,21247
61,40,0,1563
150,267,-2,24102
161,395,1,28225
41,401,-1,12208
244,283,-2,9416
315,119,-1,4527
300,85,-2,15690
111,189,2,21260
207,391,2,11803
171,185,-1,6792
136,351,-2,27156
366,253,-2,23638
340,335,1,10476
65,16,1,1149
206,315,2,25835
249,444,-1,29402
135,204,-2,21925
165,339,-1,10760
238,267,1,24138
196,209,-1,7526
248,266,-2,24080
60,322,-1,10184
326,78,1,15037
376,129,0,18541
374,113,1,17219
375,339,-1,26675
301,224,0,7898
257,365,-1,11338
419,391,-1,11821
238,444,1,29405
4,339,-1,10717
431,205,-1,7410
427,323,-2,26057
370,83,-2,15394
429,86,-1,15782
69,169,-2,6033
150,252,-2,8502
266,113,1,17345
323,252,0,23584
419,461,-1,14468
90,393,1,28186
31,205,0,7402
46,430,-1,13014
266,331,2,26324
81,113,-1,4128
298,349,-1,10976
249,170,-1,20500
259,85,1,15621
264,191,-1,6998
31,405,-1,12298
244,296,-1,25302
415,378,-2,27879
250,154,1,19766
270,365,-2,11351
157,328,0,26217
60,133,-1,18777
184,464,-2,14598
138,294,1,9714
39,271,0,8973
212,323,1,10208
58,135,-1,18839
5,283,-1,24772
373,246,-2,8347
375,339,-1,26680
75,83,-1,15350
225,133,-2,4935
376,296,1,9749
102,287,-2,24894
409,143,-1,19313
361,435,-1,29213
139,113,1,17238
373,170,-1,6190
248,236,-1,23191
189,405,1,28468
70,151,-1,5493
443,349,-1,10968
373,170,-1,6240
437,170,0,20470
427,180,-1,20929
439,62,-1,1874
251,401,-1,12225
69,277,-2,9123
318,59,0,1822
204,124,-1,18276
122,148,-1,5353
89,294,-2,25151
314,7,-1,992
212,189,-1,6855
50,368,-2,11390
242,171,-2,6311
126,182,2,20983
372,294,-1,25172
84,28,1,1309
117,234,-2,23173
107,330,0,26289
126,139,2,19022
38,204,-2,7354
79,70,-1,2123
410,296,-2,25312
249,260,-1,8689
326,8,0,998
256,302,-1,25562
12,407,1,12379
216,377,-1,27849
157,301,1,25419
148,294,-2,9715
259,352,0,27294
327,428,2,12849
85,211,1,22223
84,343,1,26891
375,189,-1,21238
148,301,-1,9914
12,368,0,11392
31,213,-1,7696
352,303,1,25590
99,421,-2,12599
298,461,-2,14471
44,461,1,30477
446,387,1,28020
266,253,1,23624
308,301,-1,25447
90,133,0,18716
216,148,-1,19512
109,154,0,19764
113,407,0,28596
368,116,-2,17943
378,428,-1,29037
69,333,-2,10462
91,42,-1,1588
450,73,1,2359
222,224,-1,22689
397,282,0,9317
30,337,-1,10578
439,124,-2,4635
257,216,-1,7745
377,135,-2,5003
296,171,2,20533
384,169,1,20269
15,232,0,23047
34,142,0,19272
429,267,1,24134
439,343,-1,10843
17,260,-1,8701
249,421,-1,12589
102,358,-2,27484
244,302,-1,9933
5,113,-1,17681
220,373,-1,11463
34,428,1,29067
34,247,0,23425
168,277,0,24459
257,158,-1,5682
52,399,1,28338
329,301,-2,25477
212,135,-2,18861
264,94,-2,3472
148,287,-2,9494
302,339,-2,10696
31,407,-2,12413
35,391,-2,11870
326,42,1,1600
376,424,1,28892
443,438,-2,13280
84,113,1,17203
124,258,-2,8621
278,321,-2,10152
343,111,1,16855
141,461,1,30436
164,361,2,27578
340,321,1,10164
91,78,-1,15005
417,96,-1,3490
353,448,-2,13682
165,291,-1,25074
164,113,1,17483
70,78,-2,2585
403,37,1,1514
150,168,-2,6000
36,274,-1,9039
332,162,1,5781
360,289,1,25009
431,206,-1,7492
241,336,-2,26506
70,151,-1,5495
190,220,1,22559
300,260,-1,8754
249,152,-1,5505
204,430,-2,29123
368,37,-2,1511
102,253,-2,23659
34,379,1,27894
125,183,-1,6707
244,70,-1,2121
353,30,-1,1372
157,113,1,17482
71,328,-2,10365
364,227,1,22896
34,73,2,2326
47,113,1,17398
55,78,-1,15032
245,129,1,18534
273,338,0,26599
409,189,-2,21272
229,339,-2,26820
110,171,1,20527
27,254,2,23673
17,39,1,1557
62,298,1,25358
285,352,-1,27311
252,2,1,888
443,301,-2,25452
122,135,-1,18857
154,134,1,18798
250,100,0,16520
39,277,2,24454
50,175,-2,20740
134,176,-1,6505
311,323,-1,26117
287,246,0,23388
164,71,1,2174
141,374,0,27831
212,226,-1,22813
394,189,-1,21271
193,435,-2,13094
264,294,-1,9703
121,185,-2,21138
300,260,-2,8709
373,170,-1,6145
169,168,-2,20187
195,182,-1,20982
326,393,2,28141
70,135,-2,5014
109,401,2,12230
249,438,-2,13377
244,289,-2,9592
34,377,2,27860
402,450,-2,14118
299,303,-1,25579
42,338,-2,10650
418,251,2,8433
309,407,-2,28536
273,448,1,29512
427,309,-2,25698
404,350,-2,27095
107,113,1,17283
39,394,1,11968
216,246,-2,23399
409,196,-2,21690
60,275,-2,24380
222,346,-2,10923
427,177,-2,20838
73,83,-1,15398
326,148,1,19515
9,260,-1,23869
243,338,-2,10654
201,151,-2,19692
210,328,1,26221
342,115,1,4393
212,113,-2,17447
280,252,1,8470
266,120,1,18107
430,113,2,4167
85,358,0,27478
263,113,1,17130
324,127,-2,18410
250,392,-1,28129
142,113,2,17581
36,216,-1,7734
110,24,2,1262
97,134,-2,18811
66,374,-2,11522
271,205,2,22004
5,90,-2,16042
220,358,-2,27471
418,401,1,28423
42,175,-2,6446
311,111,-1,3996
353,434,-2,13078
70,252,-2,8481
270,398,-2,12046
70,117,-2,4416
171,241,-1,23281
124,291,-2,25102
301,302,1,25556
71,75,-2,2466
308,336,-1,26491
373,307,-1,9988
36,129,-2,18533
164,254,1,23684
229,209,-1,22193
328,100,0,3692
204,147,0,19464
439,338,-2,10608
83,288,-2,24940
172,411,-2,12492
204,336,-1,26510
70,168,-2,5996
71,122,-2,18233
431,298,-1,25359
160,448,-2,13661
39,399,1,28289
160,260,-1,23888
4,399,-2,12111
31,125,-1,4650
160,282,-1,24681
70,288,-1,24956
278,438,2,29286
257,105,0,3814
279,220,-1,22557
257,94,-1,16258
126,113,2,17337
302,463,-2,30541
27,387,1,27999
409,391,-2,28066
209,101,1,16647
331,72,0,2229
133,407,0,28589
165,344,-1,26928
266,352,2,27248
326,146,2,19409
252,336,2,26483
244,169,-2,6035
150,191,-2,6988
305,294,-2,25135
136,339,-2,26726
270,196,-1,7131
387,143,2,5261
368,267,-1,24129
326,200,1,21851
415,387,-1,28001
149,4,1,923
256,371,-2,11424
136,339,-1,26730
30,324,0,26151
114,399,1,28317
9,301,-1,25491
378,72,0,2215
350,94,0,16277
15,448,0,29503
311,120,-2,4554
256,251,-2,8455
380,339,-2,10704
251,338,-2,10598
394,97,-1,16323
220,90,-1,16002
98,331,-1,10421
139,227,0,8004
164,130,1,18607
79,448,-2,13724
427,196,-2,21631
102,266,-1,24073
340,315,2,10086
109,329,0,10368
136,296,1,25280
357,414,1,28763
412,267,-2,24114
280,254,1,23675
249,326,0,26201
99,323,-1,10236
172,11,-2,1096
309,329,0,26263
243,464,-1,14610
164,226,2,7996
257,291,-2,9631
42,339,-1,10681
42,210,-2,7546
287,85,0,3106
187,423,0,12692
165,291,-2,25075
216,229,-1,22954
148,78,-2,2606
336,454,1,30283
264,78,-2,2638
58,149,-2,5409
385,146,-1,19415
302,277,-1,9105
425,276,-2,24434
134,283,-2,24734
160,210,-2,7557
394,233,-2,23091
241,142,-2,19262
60,335,-1,26444
154,176,2,20809
46,373,-2,11507
138,315,0,10085
139,113,1,17469
376,392,2,28118
253,428,-1,12852
300,131,-2,18618
25,438,-2,13364
434,309,2,25714
212,188,-2,6836
426,204,-1,21920
150,237,-2,8210
270,365,-2,11340
39,394,2,28212
113,393,2,28161
189,463,1,14575
375,371,-1,27726
193,322,-1,10168
409,352,-2,27330
183,56,2,1714
85,196,1,21636
202,373,1,27800
361,296,-2,25287
239,113,1,17236
61,100,1,16575
239,207,2,22129
41,398,2,28267
4,339,-1,26779
301,113,2,17615
301,344,2,26935
94,169,-1,20338
395,336,0,26500
74,113,1,4301
287,283,-2,9379
127,403,1,28447
23,183,-1,21036
196,72,-1,2268
27,150,2,19664
239,336,2,26505
107,246,-1,8329
157,394,1,28214
75,339,-2,26809
102,275,-2,24364
62,133,1,18737
368,65,-1,1996
150,237,-2,8209
450,377,1,27863
42,430,-2,12999
257,450,-2,14115
6,113,1,17165
245,129,2,18540
81,296,-2,9780
287,331,-2,10428
366,233,-2,8103
373,165,-2,5865
418,321,2,10155
429,358,-1,11201
98,233,-1,8151
270,21,-2,1174
301,267,2,24128
58,315,-1,25858
157,371,2,27754
304,405,2,12313
306,233,-2,23077
109,430,1,12971
326,352,1,27306
107,227,-1,22837
321,113,2,17551
73,109,-2,3929
251,430,-2,13025
364,34,2,1433
227,113,-1,17673
431,183,-2,6739
156,324,2,26148
25,247,-2,23427
298,108,-1,16796
118,162,-2,20028
361,254,-1,23691
136,273,-1,24322
385,274,-2,9062
333,351,2,27143
432,450,2,30190
342,279,2,24493
252,407,2,28528
220,147,-2,19438
257,328,-1,26228
287,338,-2,10665
433,323,2,26112
61,188,0,21156
443,150,-1,5458
138,129,0,4828
58,385,-1,27930
171,391,-1,28077
410,243,-1,23319
60,171,-2,20571
261,113,2,4237
78,352,-1,27318
351,23,-1,1232
220,339,-1,10686
25,251,-2,8451
18,461,0,14500
165,297,-1,25338
263,113,1,17351
257,101,-2,16622
4,302,-2,9942
356,322,-2,26007
107,164,-1,20098
257,168,-1,5950
243,399,-2,12058
318,463,1,30535
139,260,1,8750
38,183,-2,21014
60,224,-2,7927
431,438,-2,13344
34,127,0,18370
50,205,-1,22068
171,150,-2,19661
375,267,-2,24144
118,294,-1,25141
394,198,-2,21823
296,224,2,22704
212,245,-2,23353
70,81,-2,2794
385,55,-1,1691
82,113,1,17291
199,233,1,23095
124,439,-2,13404
245,150,1,19609
242,428,-2,29023
39,113,0,17848
144,338,2,10611
58,124,-2,18271
402,448,-1,13675
251,434,-2,13071
287,283,-2,24761
277,337,-1,26520
16,252,1,23575
70,189,-2,6872
31,352,-1,27204
353,454,-2,14240
140,407,-2,12401
350,359,1,27530
410,196,-2,21603
353,133,-1,18732
24,287,1,24883
250,279,-1,24524
31,142,-2,5222
113,73,2,14639
368,122,-2,18224
443,160,-2,5707
351,450,-2,14103
365,168,-1,20184
196,83,-2,15355
311,27,-1,1294
98,322,-2,10193
65,233,1,8091
373,86,-2,3156
136,203,-2,21878
409,182,-2,20986
391,337,0,26529
223,339,-1,26762
443,113,-2,4169
70,127,-2,4731
423,103,-1,16678
442,438,1,29291
9,260,-2,23867
71,134,-2,18789
70,240,-2,8249
251,274,-2,9053
324,119,-2,4528
314,428,-1,12859
180,302,1,25559
299,428,-1,12834
266,211,2,22217
177,351,1,11025
212,434,-2,29160
207,13,2,1109
257,113,-1,4240
319,277,-2,9117
366,204,-2,21948
316,119,1,18064
149,153,1,19731
79,346,-2,10932
177,107,1,3868
160,446,-2,13585
39,407,2,28538
111,228,0,22949
343,85,2,15761
42,133,-2,4933
353,111,-2,16843
296,399,2,28360
97,372,-2,27780
247,113,1,17498
190,120,1,18106
160,373,-2,11478
73,148,-2,5391
38,175,0,20724
39,120,1,18135
261,366,0,27663
186,288,2,24934
299,148,-2,5366
123,83,2,2971
438,40,2,1559
287,284,-2,9420
399,189,-2,21266
137,448,1,13742
46,372,-2,27764
287,390,-2,11790
433,113,2,17149
409,189,-1,21244
23,233,2,23103
450,339,2,10722
242,148,-2,5352
49,321,-1,25968
314,287,-2,9464
257,122,-2,4613
102,346,-2,27021
415,253,-2,23618
229,329,-2,26259
42,260,-2,8730
150,189,-2,6850
373,56,-1,1704
299,338,-2,26615
42,374,-1,11525
301,461,2,30426
23,204,-1,21935
409,120,-2,18139
449,234,1,23160
196,224,-2,22640
277,206,-2,22116
270,106,-2,3842
55,254,-2,23690
287,150,-2,19672
23,339,-2,26692
169,85,-2,3103
58,301,-2,25495
329,453,-2,14200
369,228,1,22952
311,188,-2,21154
157,205,2,7429
81,196,-2,21679
251,247,-2,23429
112,216,-2,22434
257,290,-2,9614
50,455,-2,30314
339,227,0,22872
69,29,-1,1341
244,94,-1,3465
201,127,-2,18354
199,142,2,19289
102,350,-1,27088
198,233,0,8106
298,352,-2,27224
157,323,1,10258
299,147,-1,19449
304,444,1,29425
390,352,2,27323
361,86,-2,15846
223,356,-2,27417
73,83,-2,2914
329,274,-2,9054
42,126,-2,18350
58,249,-2,23496
449,226,1,22827
109,213,2,7691
119,338,-2,26667
60,322,-2,25990
405,437,-2,13239
178,277,-2,9120
326,226,2,22784
249,420,-2,12566
366,97,-2,16340
287,283,-2,9356
300,203,-2,7320
73,206,-2,7499
149,276,2,9097
410,148,-2,5351
251,395,-2,11999
15,37,-2,1516
368,60,-2,1842
404,68,-2,2103
244,359,-2,27540
439,72,-2,2240
135,142,-2,19308
425,455,-2,14273
46,321,-2,10149
212,398,-2,28250
201,161,-2,5748
121,113,-1,17801
285,269,-2,24230
24,366,2,11375
23,164,-2,20104
287,105,-2,3797
106,96,0,16309
409,307,-2,25656
429,309,-1,25696
199,100,1,16519
319,428,-2,12830
122,291,-2,25098
251,234,-2,8161
88,73,0,2316
227,211,0,22254
160,352,-2,11048
251,107,-2,16774
300,463,-2,14563
150,161,-2,19963
74,137,2,5106
31,439,-2,13415
360,74,1,2442
70,288,-2,9537
387,344,2,10874
324,78,-2,15099
50,423,-1,28882
410,133,1,18756
393,252,1,23596
437,133,2,18739
49,301,-1,25520
83,161,-2,5713
368,365,-2,11331
69,171,-2,6358
203,213,1,22358
63,113,1,17180
11,75,2,14737
58,135,-2,18867
402,274,-2,24346
12,149,1,19588
168,395,2,28235
341,39,2,1546
359,191,0,6989
50,100,-2,3725
73,168,-2,20182
369,338,2,10626
323,430,-2,29128
193,233,-2,8109
50,339,-2,26758
136,227,-1,22934
5,287,-2,24925
23,154,-2,19783
150,191,-2,6986
132,373,2,27794
55,86,-2,15831
42,287,-2,9515
252,133,2,18681
336,359,2,27528
60,170,-2,20409
130,331,0,10422
151,131,-2,18616
254,303,2,25577
118,361,-2,27589
385,89,-2,15992
15,272,-2,24260
28,135,2,18855
23,391,-2,28072
402,241,-2,8265
288,182,-2,21006
428,86,0,15788
431,146,-2,19392
342,399,0,28354
244,346,-2,10914
287,83,-2,2904
375,339,-2,26682
107,113,1,17272
347,170,2,20449
368,260,-2,23808
450,459,2,14449
330,189,2,21230
66,206,-2,7491
439,7,-2,941
375,411,-2,28754
97,188,-2,21176
375,439,-2,29303
370,170,-2,6125
70,83,-2,2920
279,231,-1,23038
418,454,2,30269
241,126,-2,18341
421,366,2,27678
42,220,-2,7854
443,122,-2,4618
299,302,-1,25543
83,182,-2,6659
257,427,-2,12795
257,224,-2,7916
314,349,-1,10982
23,169,-2,20289
249,455,-2,14274
298,113,-2,4155
344,205,2,22051
385,168,-2,5957
426,107,-2,16751
81,170,-2,6149
65,394,2,28196
90,203,0,21873
202,399,2,28335
299,115,-2,17923
139,267,2,24165
401,105,-2,3820
203,323,2,26082
194,287,-2,9482
266,258,2,23747
299,359,-2,27522
41,401,1,28410
341,22,1,1203
58,283,-2,24784
287,108,-2,3907
410,330,-2,10407
12,134,2,18819
70,107,-2,3851
244,188,-2,21184
39,356,1,27425
318,358,2,11178
409,283,-2,9399
401,113,-2,17748
121,459,-2,30396
264,222,-1,7872
249,65,-2,2005
36,100,-2,16540
302,276,-2,9092
298,428,-2,12842
73,209,2,7528
410,134,-1,4975
250,331,2,26311
409,448,-2,29554
140,438,-2,13342
150,168,-2,6002
347,421,1,12584
169,175,-2,20742
353,461,-1,30422
410,273,-2,24295
73,343,-1,10819
56,206,-1,22097
264,301,-2,9892
139,66,1,2029
165,189,-1,21246
309,72,-1,2205
251,134,-2,4959
50,177,-1,20887
277,435,-1,13115
427,231,-1,8053
375,260,-2,23804
220,148,-2,19501
375,125,-1,18309
150,236,-1,8205
421,71,1,2165
28,393,1,28189
336,338,2,10628
8,164,2,5861
323,296,-1,25310
180,100,2,16589
405,78,-2,15040
23,430,-2,29132
71,253,-1,8525
425,178,-2,20899
216,448,-2,13668
148,435,-2,13113
26,253,1,23634
117,196,-2,21614
71,90,-2,3288
264,384,-2,11626
140,321,-2,25951
308,352,-1,27299
429,309,0,25707
157,70,0,2149
237,438,2,13316
326,115,1,17925
196,260,-2,23879
314,97,-2,3506
126,113,2,17221
81,196,-2,21673
60,232,-2,23050
391,323,-1,10221
38,241,-2,8259
28,154,1,19774
418,323,1,10245
353,161,0,19951
398,148,0,19535
60,266,0,8884
256,277,0,9115
102,282,-2,24699
107,164,-2,20102
415,457,-2,30358
264,266,-2,8880
368,365,-2,11327
212,175,-2,20723
266,357,2,27453
109,247,2,23417
300,260,-2,8711
58,191,-1,21436
177,90,1,16019
263,113,0,17803
410,343,-2,10821
249,301,-2,25459
264,170,-1,20431
15,162,2,20039
181,196,-2,21683
25,158,-1,5677
407,267,2,24115
421,216,0,22415
187,137,0,18965
165,328,-2,26231
112,169,-1,20379
203,258,2,23759
97,142,-2,19251
38,301,-2,25472
439,182,-2,6664
418,330,2,10401
113,349,2,10966
90,339,2,26808
314,164,-1,5849
97,308,-2,25684
353,459,-2,30391
136,351,-2,27157
249,85,-2,3128
98,113,-2,4182
251,160,-2,5698
250,73,2,14688
251,189,-1,6894
360,40,1,1566
351,86,-2,3178
121,437,-2,29257
169,399,-1,12128
323,154,0,19777
287,454,-2,14208
443,101,-2,16607
73,71,0,2185
387,379,1,11588
201,377,-1,11540
299,106,0,16721
314,314,-1,10075
409,438,-2,29276
17,216,1,7752
124,151,-2,5494
353,329,-1,26239
60,162,-2,19993
39,303,1,25595
149,4,0,921
107,94,0,16236
401,276,-2,9091
160,373,-2,11481
38,349,-1,10977
160,241,-1,8253
185,450,0,30200
204,185,0,21120
41,177,2,20839
353,111,-1,3966
160,182,-2,20985
353,176,0,20793
22,385,1,11652
203,357,1,11174
12,291,2,9657
257,100,-2,3671
314,108,-1,3916
179,113,0,17381
299,283,-1,9367
300,115,-1,17904
79,204,-1,7343
157,372,1,27760
326,2,0,899
42,116,-1,17936
443,464,-2,14605
50,183,-1,21012
405,73,-2,2409
157,71,1,2179
360,341,1,26830
431,346,-1,27025
417,393,-1,11903
270,462,-2,14506
299,385,-2,27933
279,204,-2,21909
368,113,-2,17528
232,407,1,28602
145,148,-1,19527
251,399,-2,12142
38,94,-1,3439
230,359,-2,27548
55,359,-1,11218
366,57,0,1724
424,358,0,27468
246,159,0,19896
326,266,2,8888
70,134,-1,4963
160,296,-2,25298
257,188,-2,6833
167,323,-1,10223
310,113,2,17360
164,226,1,22825
136,127,0,18376
15,28,0,1323
61,414,2,28765
136,274,0,24345
438,294,2,25190
340,442,2,13493
315,35,-2,1462
36,461,-2,14504
109,423,2,12689
409,448,-1,29522
165,288,-2,24949
394,258,1,23754
424,352,2,27264
47,113,2,17402
83,387,-1,11709
24,394,2,11972
387,365,1,11318
99,211,-1,22231
257,204,-2,7366
145,205,-2,21963
108,461,0,30444
419,100,-1,3669
361,428,-2,29055
23,224,1,22713
120,290,2,9607
249,177,-2,6571
126,393,1,28140
66,297,-2,9797
177,387,1,11721
376,461,1,30417
326,407,1,28583
19,70,-1,2129
24,414,2,28761
314,288,-1,9536
287,125,-2,18305
366,176,-2,6500
435,73,0,2399
287,161,-1,5760
353,209,-1,22149
172,66,-1,2047
58,324,-1,10291
160,374,-1,11523
73,191,-2,7011
221,113,-2,17611
42,401,-1,12199
385,379,-2,11589
407,287,2,24853
209,254,1,23682
427,428,-1,12826
257,221,-1,7869
408,232,0,23060
439,9,-2,1050
318,339,1,26741
104,73,1,14682
300,392,-1,11877
270,224,-1,7941
375,161,-2,5740
266,170,1,20489
329,211,0,7610
102,346,-1,27022
73,150,0,19633
70,111,-2,3947
419,373,-2,11467
36,161,-1,19923
314,421,-1,12571
418,233,2,8150
439,85,-2,3107
402,72,-1,2260
336,374,2,11518
206,194,2,21521
285,462,0,30484
260,352,1,27267
99,399,-2,12114
146,323,-1,26109
24,343,1,10805
44,283,2,9389
116,387,2,11731
443,178,-2,6589
257,401,0,12206
98,83,-1,15462
248,213,-1,22361
251,170,-2,6097
339,133,2,18727
418,457,2,14362
354,160,-1,19913
305,90,-1,16029
299,149,0,19592
99,170,-2,6257
242,427,-1,28964
412,274,-1,24353
66,430,-2,12966
39,405,0,28460
141,251,0,23533
70,170,-1,6120
125,226,-1,22796
125,73,-2,14680
24,73,1,2305
266,139,1,19020
211,210,-2,7555
401,205,-2,22027
326,206,2,22128
222,274,-1,9033
15,272,-2,24259
399,81,-1,15281
42,338,-2,10669
299,148,-2,5362
259,113,2,17817
287,401,-2,12210
34,324,1,10296
77,309,1,25700
157,352,0,27310
157,234,1,8179
287,282,-1,9342
401,196,-2,21658
328,339,-2,10728
98,399,-2,12067
326,2,0,904
431,344,-2,10848
70,161,-1,5716
373,170,-1,6158
136,339,-1,26731
36,161,-1,19927
373,170,-1,6227
266,175,2,20736
409,189,-2,21240
270,177,-2,6558
278,430,1,29145
200,321,2,25947
206,303,1,25568
409,86,-1,15847
257,113,-2,4236
160,373,-2,11479
192,74,-1,2446
357,113,0,4115
203,258,0,23768
109,153,0,19741
209,66,2,2035
42,177,-2,20873
395,21,1,1168
360,150,0,19674
157,373,1,11509
385,180,-1,6610
223,183,-2,21044
445,148,-2,5368
315,235,-2,23180
412,351,-2,27132
305,260,-2,23852
410,146,-2,19389
443,196,-2,7139
299,277,-2,24469
120,463,1,30554
15,83,-1,15448
353,205,-1,7450
300,346,-1,27005
425,176,-2,20831
251,277,-2,9110
260,227,1,22863
110,290,0,9606
431,399,-1,12059
261,113,0,17214
403,454,0,30272
326,391,1,11845
353,353,-1,11087
160,448,-2,13761
264,73,-2,2422
26,188,2,6832
420,352,1,27283
376,298,1,9807
121,416,-2,28775
385,22,0,1206
393,78,0,15009
165,461,-2,30451
425,204,-2,7368
201,158,-1,19885
251,399,-2,12133
7,339,2,10738
159,434,-2,13076
42,100,-2,16586
26,134,2,18814
117,126,-1,18346
340,335,2,10477
139,323,2,10284
309,391,-2,28078
99,344,-1,10861
291,438,-2,13297
427,446,-1,13588
324,233,-1,8146
136,161,-1,19947
244,353,-2,27374
164,251,1,23525
260,262,1,23983
39,170,2,20502
244,374,-2,27837
39,113,1,17347
333,435,1,13130
313,287,1,24919
427,7,-1,975
324,81,-2,15273
145,350,-2,27118
244,189,-1,6900
126,113,2,17266
429,113,-1,17317
130,119,0,18060
287,283,-1,9387
168,430,2,29111
255,161,-1,5738
124,462,-2,14538
391,391,0,11865
296,337,1,26533
256,148,-1,5400
81,338,-1,10625
402,353,-1,11095
354,185,-1,21124
207,81,1,15294
60,279,-2,9163
7,393,1,11929
288,149,-1,19548
36,149,-2,5424
79,115,-2,4381
385,421,-2,12578
177,323,2,26051
9,244,-2,23351
60,81,-2,15285
357,113,2,4249
201,162,-1,20030
361,100,-2,16531
251,119,-2,4515
77,113,1,17496
409,149,-1,19573
150,365,-2,11352
373,170,-1,6147
87,267,0,24131
203,450,2,30178
308,182,-1,6663
84,191,1,21444
396,133,1,18726
58,124,-1,18270
73,464,-2,14623
177,329,1,26240
314,434,-2,13073
65,430,1,12959
28,113,2,17631
449,108,0,16779
323,430,-2,29120
4,463,-1,30544
154,302,1,25546
397,272,1,24254
31,253,-1,8517
104,358,1,27499
39,173,1,20629
298,245,-2,8299
42,246,-1,8332
98,83,-1,2931
83,461,-1,14499
259,147,1,19443
329,288,-1,9534
15,175,-1,20730
4,244,-2,8280
107,296,-1,25277
229,439,-1,13388
410,78,-2,2652
266,393,1,11912
60,258,-1,8630
157,291,1,9652
299,111,-2,16889
257,359,-2,11213
353,411,0,12495
449,105,0,16713
42,258,-1,8625
204,450,-2,30173
437,100,1,16562
409,218,-2,22526
193,294,-1,9697
154,177,1,20891
42,326,-1,26197
415,301,-1,25424
279,283,-2,24771
267,70,-1,2159
4,296,-2,25291
226,245,1,8313
427,85,-1,15739
409,279,-2,24520
239,73,2,2335
171,115,-1,17918
351,170,-2,6121
239,113,1,17335
391,427,-1,12810
368,224,-2,22663
97,435,-2,29205
264,105,-2,3807
23,216,-1,22409
387,251,0,23536
139,131,2,18612
58,309,-1,25689
309,331,-1,26321
270,177,-1,6577
244,129,-1,18597
57,171,1,20538
256,101,-1,3734
95,323,-1,26059
61,35,0,1445
286,457,1,14357
337,113,1,17365
249,108,-1,3899
410,226,-2,22802
214,86,-2,3165
373,170,-1,6226
179,113,2,17616
251,338,-2,10630
394,454,-1,14231
251,401,-2,12221
24,405,2,12296
257,227,-1,8005
394,146,-1,19412
73,337,-1,10551
13,189,-1,21222
42,166,-2,5888
298,147,-1,5322
410,245,-1,8303
415,463,-1,30539
373,170,-1,6216
351,78,-2,2647
46,448,-2,29487
301,326,1,26199
257,455,-1,14301
225,73,1,14697
373,170,-1,6214
425,455,-1,14243
125,183,-1,6708
139,248,1,23451
71,85,-1,3076
4,205,-1,7461
98,8,-2,1003
427,113,-2,17661
443,108,-2,3912
147,393,1,28136
232,176,1,6480
360,420,2,12558
427,338,-1,26578
378,266,-1,8872
139,253,1,23625
50,204,-2,21905
248,438,-1,13339
139,407,2,12380
257,423,-2,12687
257,252,-1,8458
25,150,-1,19665
250,399,1,28322
252,366,1,11369
249,450,-2,14102
52,428,1,29040
273,73,2,14693
23,296,-2,25308
249,127,-1,18399
341,407,2,28535
70,105,-1,3802
350,113,1,17596
148,338,-1,10587
96,101,-1,16620
161,83,1,15465
186,448,2,29549
16,227,2,22893
157,73,2,2322
256,196,-2,7158
266,399,1,28379
241,90,-1,16027
157,288,1,9542
139,78,2,2634
418,349,1,10971
35,444,-1,13537
153,182,-1,20976
26,275,2,24392
157,391,2,11805
394,129,-2,18589
179,59,1,1810
256,253,-1,8518
298,276,-2,24430
257,182,-1,6655
186,421,1,28825
102,276,-1,24435
132,113,1,4186
72,119,-1,18038
410,171,-2,6348
416,127,-1,18357
163,321,-2,25950
321,113,2,17557
160,260,-2,8739
257,415,-2,12511
60,336,-1,26462
351,21,-2,1191
186,113,2,17199
257,338,-2,10670
24,337,2,10518
107,180,-1,20930
264,350,0,11011
385,120,-2,4535
150,258,-1,8629
244,391,-2,11873
118,213,-1,22391
278,405,2,28488
36,149,-1,19565
311,22,-2,1217
425,252,-1,23569
39,139,1,18996
300,113,-1,4119
117,260,-2,23856
257,78,-1,2650
321,407,1,28551
270,339,-1,10745
380,308,-1,25670
58,323,-2,26044
314,335,-2,10482
418,396,1,28243
238,149,0,19576
395,70,1,2158
328,279,1,9176
165,274,-1,9036
177,101,2,16639
113,227,1,22883
287,182,-1,6658
257,416,-1,12524
436,398,1,28256
166,339,1,26792
304,444,1,29424
351,7,-2,983
70,107,-2,3869
419,323,-2,10273
300,224,-1,22726
204,442,-1,29370
376,23,1,1236
314,339,-2,10709
264,183,-1,6682
300,339,-1,10719
42,85,-1,15735
439,139,-1,5138
160,373,-1,11475
299,116,-1,17933
372,113,-1,4267
63,228,2,22945
249,182,-2,6667
257,414,-1,12502
257,240,-1,8237
70,83,-1,2906
70,133,-2,4952
209,266,1,24063
165,182,-1,20981
42,291,-1,9664
353,324,-1,26142
131,203,1,7319
214,351,-2,27164
376,42,2,1596
95,464,-1,14594
298,276,-1,24429
242,288,-1,24952
415,94,-2,16238
215,218,1,22522
194,58,-1,1761
17,378,1,27876
23,224,-1,22687
425,454,-1,14222
15,191,-1,21449
270,335,-1,10486
150,262,-1,8816
157,254,2,23671
55,231,-1,8073
244,372,-1,27770
445,339,-1,10706
186,434,2,29165
97,234,-1,23134
417,90,-1,16035
329,196,-1,21632
249,105,-1,3816
285,352,-2,27207
423,323,-1,10212
449,129,1,18550
45,267,1,24148
326,448,1,29467
300,279,-1,9178
140,372,-1,27765
409,435,-1,29206
439,7,-1,981
216,133,-1,18683
165,241,0,8254
207,405,1,28451
265,176,-1,20785
34,323,1,26089
372,338,-2,10603
286,393,2,11937
17,338,2,26587
340,401,2,12218
418,399,2,12131
341,90,2,3303
122,252,-1,23589
121,275,-2,24361
23,169,-2,20286
323,106,-1,3828
252,358,2,11206
316,113,2,17804
35,324,-2,10297
39,146,1,19423
90,461,2,30459
443,86,-1,3186
223,448,-2,29517
449,124,1,18269
401,274,-1,9028
29,394,-1,11979
299,100,-1,16510
102,352,-1,27277
149,370,-1,11411
91,85,-1,15729
309,204,-1,21912
237,358,1,11179
287,269,-1,8959
369,437,2,13229
439,352,-2,11072
287,78,-2,2649
401,171,-1,20510
247,113,1,17313
38,395,-1,28224
449,234,1,23137
346,227,0,22938
172,59,0,1827
42,222,-1,7882
300,170,-1,20395
165,461,-1,30450
375,368,-2,27702
263,246,1,23414
385,94,-1,16301
204,147,1,19471
50,165,-1,20115
69,333,-1,10463
298,405,-2,12292
150,236,-2,8200
270,182,-1,6648
44,150,1,19606
23,169,-1,20390
81,148,-1,5377
373,209,-1,7530
439,399,-2,12079
410,294,-1,25128
202,90,0,16041
256,399,-1,12104
42,180,-1,20936
42,330,-1,26287
238,126,1,18315
410,282,-1,24686
36,105,-1,16698
256,351,-1,11038
118,438,-1,13361
50,368,-1,27696
244,81,-1,2790
438,111,1,16874
70,83,-1,2928
390,147,0,19475
122,171,-1,6327
334,113,0,17731
41,200,0,21849
364,113,1,17487
427,182,-1,21007
110,218,1,7805
97,457,-1,30348
287,105,-1,3800
251,158,1,5676
65,291,1,9667
385,171,0,6290
249,134,-1,4957
419,35,-1,1452
286,430,1,12969
66,213,-2,22348
423,107,-1,3858
300,170,-1,6119
300,166,0,5880
264,464,-1,14627
51,23,0,1249
112,358,0,27469
4,343,-1,10825
230,203,1,21875
126,248,1,23485
261,113,1,4154
270,119,-1,4520
309,329,-1,26262
122,83,-1,15379
153,274,0,24328
326,142,0,19274
98,113,-1,4170
264,85,-1,3105
124,235,-1,8196
416,127,-2,18359
114,113,1,17158
27,113,2,17630
209,206,1,22104
140,83,-1,15410
326,152,1,19718
193,293,-1,9695
51,427,-1,28961
378,178,0,20913
46,196,-1,21680
275,343,1,10810
244,101,-1,3737
419,455,-1,14277
81,198,-1,7256
142,78,1,15036
70,314,-1,10073
368,370,-1,27712
410,459,-1,14447
15,209,0,22174
418,352,1,11059
368,185,-1,21101
50,158,-1,19886
160,357,-1,11172
252,349,1,27084
315,178,0,20916
257,454,-1,14211
270,210,-1,22204
102,289,-1,25005
28,168,1,20240
438,73,1,14651
300,161,-1,5732
429,356,-1,27400
346,168,1,20178
42,171,-1,20547
82,448,0,29466
431,146,0,5286
354,260,-1,8767
140,168,-1,5971
358,196,1,21695
192,267,-1,24169
364,407,0,28554
267,147,-1,19428
443,100,-1,3680
375,171,-1,20549
97,339,-1,26781
300,113,-2,4218
73,176,-1,6534
290,323,-1,10207
410,168,-1,20227
71,11,-1,1094
385,145,-1,5280
60,301,-1,9867
356,344,-1,10862
278,401,1,12233
223,291,-2,25100
60,336,-1,26468
118,205,-1,22089
65,362,1,27593
263,120,0,18136
378,111,-1,3956
376,74,1,14714
379,105,0,16699
140,323,0,10206
298,183,-1,6734
125,188,-1,21186
183,457,1,14359
437,227,1,22870
366,196,-1,7122
175,113,1,17458
60,377,-1,11562
409,169,-1,6073
390,83,1,2952
410,213,-1,22374
42,313,-1,10066
404,35,-1,1441
119,260,-1,23865
249,35,-1,1459
429,150,-1,19631
136,78,-1,15086
60,211,-1,22220
409,231,-1,23010
102,374,-1,27838
91,42,-1,1587
251,367,-1,11387
346,227,1,8011
202,448,1,13659
51,455,-1,30309
159,127,0,18373
266,448,1,29494
31,287,-1,9450
47,28,1,1308
99,401,-1,12204
251,151,0,19713
353,94,-1,16231
25,149,0,19567
375,339,-2,26702
139,348,1,27042
249,94,-1,3444
257,344,-1,10850
368,205,-1,21969
342,275,1,24389
249,314,0,10071
426,191,-1,21439
438,294,1,25185
257,204,-1,7367
109,430,1,12989
439,198,-1,7245
238,73,1,2314
410,151,0,19706
13,444,1,29415
15,176,-1,6527
427,244,-1,8278
70,117,-1,4422
425,309,1,10013
55,372,-2,11452
60,421,-2,28812
429,83,-2,15479
336,454,1,30271
139,427,1,29014
256,399,-2,12088
229,357,-1,27457
300,189,-1,6897
273,352,2,27263
323,37,-1,1510
72,297,-1,25354
111,142,1,19293
102,344,-1,26943
229,338,1,26629
58,309,0,25690
309,113,-1,17823
284,100,1,16554
42,162,-1,5789
100,206,-1,22123
279,142,-2,19310
164,145,1,19362
139,78,0,14987
447,352,1,27297
73,176,0,6493
245,113,1,17400
252,350,1,10999
13,279,-1,24521
300,168,-1,5980
165,169,-1,20310
287,283,-2,9390
431,344,-1,10847
266,393,1,28165
204,287,-2,24901
51,453,-1,30259
42,185,-1,21130
49,273,-1,9012
347,220,1,22566
209,315,2,25869
186,73,1,2279
24,454,1,14212
378,113,-1,4239
164,273,0,24281
301,306,1,25639
314,210,-1,7560
206,282,-1,24680
102,352,0,27281
408,113,0,17145
438,384,2,27910
229,302,-2,9925
414,153,-1,19733
24,352,1,11076
270,224,-1,7944
419,423,-2,12697
419,182,-2,6660
58,324,-1,10290
164,356,1,27415
212,329,-1,26251
245,73,2,2334
251,168,-2,5960
221,113,-2,17603
60,247,-2,23433
154,399,2,12137
42,394,0,11953
378,173,-1,20634
425,108,-1,16815
177,359,2,11212
81,188,-1,21157
70,206,-2,7505
252,100,1,16524
206,243,2,23321
23,94,-1,16226
164,175,1,20759
196,161,-1,5734
326,152,0,19716
246,301,1,25513
424,246,1,23410
360,371,1,11419
164,356,1,27415
212,329,-1,26251
245,73,1,2334
251,168,-1,5960
221,113,-1,17603
60,247,-1,23433
154,399,0,12137
164,175,1,20759
196,161,-1,5734
326,152,-1,19716
246,301,0,25513
424,246,1,23410
360,371,1,11419
